{
  "IcoMoonType": "selection",
  "icons": [
    {
      "icon": {
        "paths": [
          "M183.242 86.232h301.811c77.39 0 140.126 62.737 140.126 140.126v431.158c0 77.39-62.737 140.126-140.126 140.126h-301.811c-77.39 0-140.126-62.737-140.126-140.126v-431.158c0-77.39 62.737-140.126 140.126-140.126z",
          "M183.242 215.579h301.811c35.718 0 64.674 28.955 64.674 64.674v86.232c0 35.718-28.955 64.674-64.674 64.674h-301.811c-35.718 0-64.674-28.955-64.674-64.674v-86.232c0-35.718 28.955-64.674 64.674-64.674z",
          "M269.474 107.789h129.347c11.906 0 21.558 9.652 21.558 21.558v43.116c0 11.906-9.652 21.558-21.558 21.558h-129.347c-11.906 0-21.558-9.652-21.558-21.558v-43.116c0-11.906 9.652-21.558 21.558-21.558z",
          "M323.368 43.116c0 17.859-14.478 32.337-32.337 32.337s-32.337-14.478-32.337-32.337c0-17.859 14.478-32.337 32.337-32.337s32.337 14.478 32.337 32.337z",
          "M409.6 43.116c0 17.859-14.478 32.337-32.337 32.337s-32.337-14.478-32.337-32.337c0-17.859 14.478-32.337 32.337-32.337s32.337 14.478 32.337 32.337z",
          "M237.137 679.074c0 29.765-24.129 53.895-53.895 53.895s-53.895-24.129-53.895-53.895c0-29.765 24.129-53.895 53.895-53.895s53.895 24.129 53.895 53.895z",
          "M538.947 679.074c0 29.765-24.129 53.895-53.895 53.895s-53.895-24.129-53.895-53.895c0-29.765 24.129-53.895 53.895-53.895s53.895 24.129 53.895 53.895z",
          "M0 1024l150.905-247.916h366.484l150.905 247.916h-97.011l-97.011-161.684h-280.253l-97.011 161.684z"
        ],
        "attrs": [
          {
            "fill": "rgb(0, 0, 0)"
          },
          {
            "fill": "rgb(255, 255, 255)"
          },
          {
            "fill": "rgb(255, 255, 255)"
          },
          {
            "fill": "rgb(0, 0, 0)"
          },
          {
            "fill": "rgb(0, 0, 0)"
          },
          {
            "fill": "rgb(255, 255, 255)"
          },
          {
            "fill": "rgb(255, 255, 255)"
          },
          {
            "fill": "rgb(0, 0, 0)"
          }
        ],
        "width": 668,
        "isMulticolor": true,
        "isMulticolor2": false,
        "grid": 0,
        "tags": [
          "train"
        ],
        "colorPermutations": {
          "12552552551": [
            {
              "f": 0
            },
            {
              "f": 1
            },
            {
              "f": 1
            },
            {
              "f": 0
            },
            {
              "f": 0
            },
            {
              "f": 1
            },
            {
              "f": 1
            },
            {
              "f": 0
            }
          ]
        }
      },
      "attrs": [
        {
          "fill": "rgb(0, 0, 0)"
        },
        {
          "fill": "rgb(255, 255, 255)"
        },
        {
          "fill": "rgb(255, 255, 255)"
        },
        {
          "fill": "rgb(0, 0, 0)"
        },
        {
          "fill": "rgb(0, 0, 0)"
        },
        {
          "fill": "rgb(255, 255, 255)"
        },
        {
          "fill": "rgb(255, 255, 255)"
        },
        {
          "fill": "rgb(0, 0, 0)"
        }
      ],
      "properties": {
        "order": 4,
        "id": 2,
        "name": "train",
        "prevSize": 32,
        "code": 59648,
        "codes": [
          59648,
          59649,
          59650,
          59651,
          59652,
          59653,
          59654,
          59655
        ]
      },
      "setIdx": 0,
      "setId": 1,
      "iconIdx": 0
    },
    {
      "icon": {
        "paths": [
          "M67.356 380.673c0 20.885 0 41.769 0 62.654l708.138 0 0.032 49.714 181.119-81.041-181.119-81.041-0.032 49.714z",
          "M956.644 643.327c0-20.885 0-41.769 0-62.654l-708.138-0-0.032-49.714-181.119 81.041 181.119 81.041 0.032-49.714z"
        ],
        "attrs": [
          {},
          {}
        ],
        "isMulticolor": false,
        "isMulticolor2": false,
        "grid": 0,
        "tags": [
          "connection"
        ],
        "colorPermutations": {
          "12552552551": [
            {},
            {}
          ]
        }
      },
      "attrs": [
        {},
        {}
      ],
      "properties": {
        "order": 3,
        "id": 1,
        "name": "connection",
        "prevSize": 32,
        "code": 59656
      },
      "setIdx": 0,
      "setId": 1,
      "iconIdx": 1
    },
    {
      "icon": {
        "paths": [
          "M838.33 614.4h-347.71v-64.141h257.688c10.127 0 19.13-9.002 19.13-19.13v-121.53c0-10.127-9.002-19.13-19.13-19.13h-85.521v-57.389c21.38-25.881 54.013-67.516 54.013-94.523 0-40.51-32.633-73.143-73.143-73.143s-73.143 32.633-73.143 73.143c0 27.007 32.633 69.767 54.013 94.523v76.519c0 10.127 9.002 19.13 19.13 19.13h85.521v84.396h-257.688c-10.127 0-19.13 9.002-19.13 19.13v102.4c0 10.127 9.002 19.13 19.13 19.13h347.71v90.022h-522.127v-48.387c31.508-36.009 92.273-110.277 92.273-155.288 0-60.765-49.512-111.402-111.402-111.402-60.765 0-111.402 49.512-111.402 111.402 0 45.011 60.765 119.279 92.273 155.288v67.516c0 10.127 9.002 19.13 19.13 19.13h559.262c10.127 0 19.13-9.002 19.13-19.13v-129.407c0-11.253-7.877-19.13-18.004-19.13zM643.657 214.927c13.503 0 23.631 11.253 23.631 23.631 0 13.503-11.253 23.631-23.631 23.631-13.503 0-24.756-11.253-24.756-23.631s11.253-23.631 24.756-23.631zM240.809 535.631c0-21.38 16.879-38.259 38.259-38.259s38.259 16.879 38.259 38.259c0 21.38-16.879 38.259-38.259 38.259-21.38-1.125-38.259-18.004-38.259-38.259z"
        ],
        "attrs": [
          {}
        ],
        "grid": 0,
        "tags": [
          "lines"
        ],
        "isMulticolor": false,
        "isMulticolor2": false,
        "colorPermutations": {
          "12552552551": [
            {}
          ]
        }
      },
      "attrs": [
        {}
      ],
      "properties": {
        "order": 2,
        "id": 0,
        "name": "lines",
        "prevSize": 32,
        "code": 59657
      },
      "setIdx": 0,
      "setId": 1,
      "iconIdx": 2
    }
  ],
  "height": 1024,
  "metadata": {
    "name": "icomoon"
  },
  "preferences": {
    "showGlyphs": true,
    "showCodes": false,
    "showQuickUse": true,
    "showQuickUse2": true,
    "showSVGs": true,
    "fontPref": {
      "prefix": "icon-",
      "metadata": {
        "fontFamily": "icomoon",
        "majorVersion": 1,
        "minorVersion": 0
      },
      "metrics": {
        "emSize": 1024,
        "baseline": 6.25,
        "whitespace": 50
      },
      "embed": false
    },
    "imagePref": {
      "prefix": "icon-",
      "png": true,
      "useClassSelector": true,
      "color": 0,
      "bgColor": 16777215
    },
    "historySize": 50,
    "gridSize": 16,
    "showGrid": false,
    "showLiga": true
  }
}